{
  "timestamp": "2025-12-26T21:14:09Z",
  "num_runs": 100,
  "precision": "fp32",
  "shape": "[\n  20,\n  10\n]",
  "memory_usage_mb": 0.0030517578125,
  "result_hash": "32b27a05167a0e88361342e34a9dcad678925693e94c28ea3c437028fc58436a",
  "metrics": {
    "latency": {
      "min": 0.0024159999999999997,
      "median": 0.004521000000000001,
      "p90": 0.006834,
      "max": 0.010708
    },
    "throughput": {
      "min": 373552484.12401944,
      "median": 884779098.7817408,
      "p90": 1454545454.5454545,
      "max": 1655629139.0728478
    },
    "ops_per_second": {
      "min": 373552484.12401944,
      "median": 884779098.7817408,
      "p90": 1454545454.5454545,
      "max": 1655629139.0728478
    }
  }
}
