{
  "timestamp": "2025-12-26T22:28:25Z",
  "num_runs": 100,
  "precision": "fp32",
  "shape": "[\n  16,\n  16\n]",
  "memory_usage_mb": 6.1337890625,
  "result_hash": "78badc3e28acab83c741116ae313b1ce71e8681d8c0513b125ba7e9b86027b2a",
  "metrics": {
    "latency": {
      "min": 0.425041,
      "median": 0.4280625,
      "p90": 0.97875,
      "max": 1.618125
    },
    "throughput": {
      "min": 7948359984.550019,
      "median": 30045706011.382324,
      "p90": 30241434120.557167,
      "max": 30259292632.945995
    },
    "ops_per_second": {
      "min": 7948359984.550019,
      "median": 30045706011.382324,
      "p90": 30241434120.557167,
      "max": 30259292632.945995
    }
  }
}
